{
  "version": 1,
  "author": "Milan Rayamajhi",
  "editor": "wokwi",
  "parts": [
    { "type": "wokwi-breadboard", "id": "bb1", "top": -99, "left": 98.8, "attrs": {} },
    { "type": "wokwi-arduino-uno", "id": "uno", "top": 154.2, "left": -0.6, "attrs": {} },
    {
      "type": "wokwi-resistor",
      "id": "r1",
      "top": 33.6,
      "left": 18.65,
      "rotate": 90,
      "attrs": { "value": "200" }
    },
    {
      "type": "wokwi-dht22",
      "id": "dht1",
      "top": -143.7,
      "left": 186.6,
      "attrs": { "temperature": "-1.4" }
    },
    {
      "type": "wokwi-rgb-led",
      "id": "rgb1",
      "top": -72.8,
      "left": 29.9,
      "attrs": { "common": "cathode" }
    }
  ],
  "connections": [
    [ "rgb1:COM", "r1:1", "green", [ "v0" ] ],
    [ "uno:5V", "bb1:bp.1", "red", [ "v0" ] ],
    [ "uno:GND.2", "bb1:bn.1", "black", [ "v-230.5", "h32.7" ] ],
    [ "bb1:9t.e", "bb1:bp.6", "red", [ "v0" ] ],
    [ "r1:2", "bb1:bn.5", "orange", [ "h0" ] ],
    [ "rgb1:R", "uno:11", "red", [ "v115.2", "h48", "v48", "h48" ] ],
    [ "rgb1:G", "uno:12", "green", [ "v38.4", "h30.1", "v67.2", "h9.6" ] ],
    [ "rgb1:B", "uno:13", "blue", [ "v-86.4", "h-104", "v201.6", "h48", "v57.6", "h96" ] ],
    [ "bb1:bn.10", "bb1:12t.e", "green", [ "v27.5", "h18.4", "v-124.8", "h-28.8" ] ],
    [ "bb1:10t.e", "uno:10", "green", [ "v144", "h-19.2" ] ],
    [ "dht1:VCC", "bb1:9t.c", "", [ "$bb" ] ],
    [ "dht1:SDA", "bb1:10t.c", "", [ "$bb" ] ],
    [ "dht1:NC", "bb1:11t.c", "", [ "$bb" ] ],
    [ "dht1:GND", "bb1:12t.c", "", [ "$bb" ] ]
  ],
  "dependencies": {}
}